Model,CV Accuracy Mean,CV Accuracy Std,CV Precision Mean,CV Recall Mean,CV F1 Mean
Logistic Regression,0.9004518714297894,0.0011241230948145112,0.9005460780946775,0.9004518714297894,0.9003929246521872
Random Forest,0.9566032909881489,0.0009292813773340205,0.9566173270114501,0.9566032909881489,0.9565949071214905
SVC,0.9169920709352886,0.001903085538859728,0.9170599320864701,0.9169920709352886,0.9169540863359185
XGBClassifier,0.9558189103930429,0.0009682032273222366,0.9558199000851249,0.9558189103930429,0.9558170365090415
CatBoostClassifier,0.9564327734674739,0.0007625775351691631,0.956448415214887,0.9564327734674739,0.9564332068108861
